[
  {
    "pk": "931cd72a-9338-11e0-a1dc-842b2b9d8d57", 
    "model": "bhp_form.membershipform", 
    "fields": {
      "category": "maternal", 
      "hostname_created": "dmc3", 
      "created": "2011-06-10 10:06:41", 
      "user_modified": "", 
      "modified": "2011-06-10 10:06:41", 
      "hostname_modified": "dmc3", 
      "content_type_map": 58, 
      "user_created": "django"
    }
  }, 
  {
    "pk": "99f97850-9338-11e0-a1dc-842b2b9d8d57", 
    "model": "bhp_form.membershipform", 
    "fields": {
      "category": "maternal", 
      "hostname_created": "dmc3", 
      "created": "2011-06-10 10:06:53", 
      "user_modified": "", 
      "modified": "2011-06-10 10:06:53", 
      "hostname_modified": "dmc3", 
      "content_type_map": 59, 
      "user_created": "django"
    }
  }, 
  {
    "pk": "aec79e6a-9338-11e0-a1dc-842b2b9d8d57", 
    "model": "bhp_form.membershipform", 
    "fields": {
      "category": "infant", 
      "hostname_created": "dmc3", 
      "created": "2011-06-10 10:07:28", 
      "user_modified": "", 
      "modified": "2011-06-10 10:07:28", 
      "hostname_modified": "dmc3", 
      "content_type_map": 30, 
      "user_created": "django"
    }
  }, 
  {
    "pk": "b187537a-9338-11e0-a1dc-842b2b9d8d57", 
    "model": "bhp_form.membershipform", 
    "fields": {
      "category": "infant", 
      "hostname_created": "dmc3", 
      "created": "2011-06-10 10:07:32", 
      "user_modified": "", 
      "modified": "2011-06-10 10:07:32", 
      "hostname_modified": "dmc3", 
      "content_type_map": 25, 
      "user_created": "django"
    }
  }, 
  {
    "pk": "b905f9a8-9338-11e0-a1dc-842b2b9d8d57", 
    "model": "bhp_form.membershipform", 
    "fields": {
      "category": "maternal", 
      "hostname_created": "dmc3", 
      "created": "2011-06-10 10:07:45", 
      "user_modified": "", 
      "modified": "2011-06-10 10:07:45", 
      "hostname_modified": "dmc3", 
      "content_type_map": 80, 
      "user_created": "django"
    }
  }, 
  {
    "pk": "2a0483cc-919a-11e0-94c3-842b2b9d8d57", 
    "model": "bhp_form.schedulegroup", 
    "fields": {
      "hostname_created": "dmc3", 
      "created": "2011-06-08 08:40:13", 
      "grouping_key": "", 
      "user_modified": "django", 
      "modified": "2011-06-11 20:16:03", 
      "hostname_modified": "home", 
      "group_name": "Infant Birth", 
      "membership_form": "b187537a-9338-11e0-a1dc-842b2b9d8d57", 
      "user_created": "django"
    }
  }, 
  {
    "pk": "4049a7fc-919a-11e0-94c3-842b2b9d8d57", 
    "model": "bhp_form.schedulegroup", 
    "fields": {
      "hostname_created": "dmc3", 
      "created": "2011-06-08 08:40:51", 
      "grouping_key": "", 
      "user_modified": "django", 
      "modified": "2011-06-11 20:16:35", 
      "hostname_modified": "home", 
      "group_name": "Infant Rando and F/Up", 
      "membership_form": "aec79e6a-9338-11e0-a1dc-842b2b9d8d57", 
      "user_created": "django"
    }
  }, 
  {
    "pk": "8dd274a6-900d-11e0-a3d7-0023ae759374", 
    "model": "bhp_form.schedulegroup", 
    "fields": {
      "hostname_created": "cabel", 
      "created": "2011-06-06 09:21:10", 
      "grouping_key": "ELIGIBILITY", 
      "user_modified": "django", 
      "modified": "2011-06-10 10:24:01", 
      "hostname_modified": "dmc3", 
      "group_name": "Maternal Ante Natal Reg", 
      "membership_form": "931cd72a-9338-11e0-a1dc-842b2b9d8d57", 
      "user_created": "django"
    }
  }, 
  {
    "pk": "ac6f5c12-900d-11e0-a3d7-0023ae759374", 
    "model": "bhp_form.schedulegroup", 
    "fields": {
      "hostname_created": "cabel", 
      "created": "2011-06-06 09:22:02", 
      "grouping_key": "ELIGIBILITY", 
      "user_modified": "django", 
      "modified": "2011-06-10 10:24:06", 
      "hostname_modified": "dmc3", 
      "group_name": "Maternal Post Partum Reg", 
      "membership_form": "99f97850-9338-11e0-a1dc-842b2b9d8d57", 
      "user_created": "django"
    }
  }, 
  {
    "pk": "47784ed2-9011-11e0-b002-0023ae759374", 
    "model": "bhp_form.schedulegroup", 
    "fields": {
      "hostname_created": "cabel", 
      "created": "2011-06-06 09:47:50", 
      "grouping_key": "", 
      "user_modified": "django", 
      "modified": "2011-06-10 10:24:10", 
      "hostname_modified": "dmc3", 
      "group_name": "Post Partum Follow-up", 
      "membership_form": "b905f9a8-9338-11e0-a1dc-842b2b9d8d57", 
      "user_created": "django"
    }
  }, 
  {
    "pk": "6eb31976-900e-11e0-a3d7-0023ae759374", 
    "model": "bhp_form.visitdefinition", 
    "fields": {
      "hostname_created": "cabel", 
      "code": 1000, 
      "lower_window_unit": "D", 
      "created": "2011-06-06 09:27:28", 
      "title": "Maternal Ante Natal Registration", 
      "user_modified": "django", 
      "modified": "2011-06-07 12:33:37", 
      "hostname_modified": "dmc3", 
      "upper_window": 0, 
      "instruction": "", 
      "time_point": 0, 
      "user_created": "django", 
      "lower_window": 0, 
      "schedule_group": [
        "8dd274a6-900d-11e0-a3d7-0023ae759374"
      ], 
      "upper_window_unit": "D", 
      "grouping": "maternal"
    }
  }, 
  {
    "pk": "70415626-919a-11e0-94c3-842b2b9d8d57", 
    "model": "bhp_form.visitdefinition", 
    "fields": {
      "hostname_created": "dmc3", 
      "code": 2000, 
      "lower_window_unit": "D", 
      "created": "2011-06-08 08:42:11", 
      "title": "Birth", 
      "user_modified": "", 
      "modified": "2011-06-08 08:42:11", 
      "hostname_modified": "dmc3", 
      "upper_window": 0, 
      "instruction": "", 
      "time_point": 0, 
      "user_created": "django", 
      "lower_window": 0, 
      "schedule_group": [
        "2a0483cc-919a-11e0-94c3-842b2b9d8d57"
      ], 
      "upper_window_unit": "D", 
      "grouping": "infant"
    }
  }, 
  {
    "pk": "d5e6f8e0-903d-11e0-92bf-0023ae759374", 
    "model": "bhp_form.visitdefinition", 
    "fields": {
      "hostname_created": "cabel", 
      "code": 2000, 
      "lower_window_unit": "D", 
      "created": "2011-06-06 15:06:47", 
      "title": "Maternal Post Natal Registration", 
      "user_modified": "django", 
      "modified": "2011-06-07 15:40:10", 
      "hostname_modified": "dmc3", 
      "upper_window": 0, 
      "instruction": "", 
      "time_point": 0, 
      "user_created": "django", 
      "lower_window": 0, 
      "schedule_group": [
        "ac6f5c12-900d-11e0-a3d7-0023ae759374"
      ], 
      "upper_window_unit": "D", 
      "grouping": "maternal"
    }
  }, 
  {
    "pk": "db6148a8-919a-11e0-94c3-842b2b9d8d57", 
    "model": "bhp_form.visitdefinition", 
    "fields": {
      "hostname_created": "dmc3", 
      "code": 2010, 
      "lower_window_unit": "D", 
      "created": "2011-06-08 08:45:11", 
      "title": "Randomization", 
      "user_modified": "", 
      "modified": "2011-06-08 08:45:11", 
      "hostname_modified": "dmc3", 
      "upper_window": 0, 
      "instruction": "", 
      "time_point": 0, 
      "user_created": "django", 
      "lower_window": 0, 
      "schedule_group": [
        "4049a7fc-919a-11e0-94c3-842b2b9d8d57"
      ], 
      "upper_window_unit": "D", 
      "grouping": "infant"
    }
  }, 
  {
    "pk": "f2e047fc-9011-11e0-b002-0023ae759374", 
    "model": "bhp_form.visitdefinition", 
    "fields": {
      "hostname_created": "cabel", 
      "code": 2010, 
      "lower_window_unit": "D", 
      "created": "2011-06-06 09:52:38", 
      "title": "Infant Randomization", 
      "user_modified": "django", 
      "modified": "2011-06-07 12:35:32", 
      "hostname_modified": "dmc3", 
      "upper_window": 0, 
      "instruction": "", 
      "time_point": 0, 
      "user_created": "django", 
      "lower_window": 0, 
      "schedule_group": [
        "47784ed2-9011-11e0-b002-0023ae759374"
      ], 
      "upper_window_unit": "D", 
      "grouping": "maternal"
    }
  }, 
  {
    "pk": "ddabac5e-9012-11e0-a69d-0023ae759374", 
    "model": "bhp_form.visitdefinition", 
    "fields": {
      "hostname_created": "cabel", 
      "code": 2020, 
      "lower_window_unit": "D", 
      "created": "2011-06-06 09:59:12", 
      "title": "2 Month Postpartum Visit", 
      "user_modified": "django", 
      "modified": "2011-06-07 12:34:15", 
      "hostname_modified": "dmc3", 
      "upper_window": 0, 
      "instruction": "", 
      "time_point": 0, 
      "user_created": "django", 
      "lower_window": 0, 
      "schedule_group": [
        "47784ed2-9011-11e0-b002-0023ae759374"
      ], 
      "upper_window_unit": "D", 
      "grouping": "maternal"
    }
  }, 
  {
    "pk": "e597fe4a-9012-11e0-a69d-0023ae759374", 
    "model": "bhp_form.visitdefinition", 
    "fields": {
      "hostname_created": "cabel", 
      "code": 2030, 
      "lower_window_unit": "D", 
      "created": "2011-06-06 09:59:25", 
      "title": "3 Months Postpartum Visit", 
      "user_modified": "django", 
      "modified": "2011-06-07 12:35:25", 
      "hostname_modified": "dmc3", 
      "upper_window": 0, 
      "instruction": "", 
      "time_point": 0, 
      "user_created": "django", 
      "lower_window": 0, 
      "schedule_group": [
        "47784ed2-9011-11e0-b002-0023ae759374"
      ], 
      "upper_window_unit": "D", 
      "grouping": "maternal"
    }
  }, 
  {
    "pk": "edb9c004-9012-11e0-a69d-0023ae759374", 
    "model": "bhp_form.visitdefinition", 
    "fields": {
      "hostname_created": "cabel", 
      "code": 2060, 
      "lower_window_unit": "D", 
      "created": "2011-06-06 09:59:39", 
      "title": "6 Months Postpartum Visit", 
      "user_modified": "django", 
      "modified": "2011-06-07 12:34:19", 
      "hostname_modified": "dmc3", 
      "upper_window": 0, 
      "instruction": "", 
      "time_point": 0, 
      "user_created": "django", 
      "lower_window": 0, 
      "schedule_group": [
        "47784ed2-9011-11e0-b002-0023ae759374"
      ], 
      "upper_window_unit": "D", 
      "grouping": "maternal"
    }
  }, 
  {
    "pk": "f383a9f0-9012-11e0-a69d-0023ae759374", 
    "model": "bhp_form.visitdefinition", 
    "fields": {
      "hostname_created": "cabel", 
      "code": 2090, 
      "lower_window_unit": "D", 
      "created": "2011-06-06 09:59:49", 
      "title": "9 Months Postpartum Visit", 
      "user_modified": "django", 
      "modified": "2011-06-07 12:34:23", 
      "hostname_modified": "dmc3", 
      "upper_window": 0, 
      "instruction": "", 
      "time_point": 0, 
      "user_created": "django", 
      "lower_window": 0, 
      "schedule_group": [
        "47784ed2-9011-11e0-b002-0023ae759374"
      ], 
      "upper_window_unit": "D", 
      "grouping": "maternal"
    }
  }, 
  {
    "pk": "fa96b412-9012-11e0-a69d-0023ae759374", 
    "model": "bhp_form.visitdefinition", 
    "fields": {
      "hostname_created": "cabel", 
      "code": 2120, 
      "lower_window_unit": "D", 
      "created": "2011-06-06 10:00:00", 
      "title": "12 Months Postpartum Visit", 
      "user_modified": "django", 
      "modified": "2011-06-07 12:34:36", 
      "hostname_modified": "dmc3", 
      "upper_window": 0, 
      "instruction": "", 
      "time_point": 0, 
      "user_created": "django", 
      "lower_window": 0, 
      "schedule_group": [
        "47784ed2-9011-11e0-b002-0023ae759374"
      ], 
      "upper_window_unit": "D", 
      "grouping": "maternal"
    }
  }, 
  {
    "pk": "0075f636-9013-11e0-a69d-0023ae759374", 
    "model": "bhp_form.visitdefinition", 
    "fields": {
      "hostname_created": "cabel", 
      "code": 2150, 
      "lower_window_unit": "D", 
      "created": "2011-06-06 10:00:10", 
      "title": "15 Months Postpartum Visit", 
      "user_modified": "django", 
      "modified": "2011-06-07 12:34:54", 
      "hostname_modified": "dmc3", 
      "upper_window": 0, 
      "instruction": "", 
      "time_point": 0, 
      "user_created": "django", 
      "lower_window": 0, 
      "schedule_group": [
        "47784ed2-9011-11e0-b002-0023ae759374"
      ], 
      "upper_window_unit": "D", 
      "grouping": "maternal"
    }
  }, 
  {
    "pk": "06134080-9013-11e0-a69d-0023ae759374", 
    "model": "bhp_form.visitdefinition", 
    "fields": {
      "hostname_created": "cabel", 
      "code": 2180, 
      "lower_window_unit": "D", 
      "created": "2011-06-06 10:00:20", 
      "title": "18 Months Postpartum Visit", 
      "user_modified": "django", 
      "modified": "2011-06-07 12:34:50", 
      "hostname_modified": "dmc3", 
      "upper_window": 0, 
      "instruction": "", 
      "time_point": 0, 
      "user_created": "django", 
      "lower_window": 0, 
      "schedule_group": [
        "47784ed2-9011-11e0-b002-0023ae759374"
      ], 
      "upper_window_unit": "D", 
      "grouping": "maternal"
    }
  }, 
  {
    "pk": "6eb4aa5c-900e-11e0-a3d7-0023ae759374", 
    "model": "bhp_form.entry", 
    "fields": {
      "entry_order": 100, 
      "hostname_created": "cabel", 
      "lower_window_unit": "D", 
      "created": "2011-06-06 09:27:28", 
      "required": "Yes", 
      "user_modified": "", 
      "modified": "2011-06-07 12:21:31", 
      "hostname_modified": "dmc3", 
      "upper_window": 0, 
      "content_type_map": 60, 
      "entry_category": "CLINIC", 
      "entry_window_calculation": "VISIT", 
      "time_point": 0, 
      "visit_definition": "6eb31976-900e-11e0-a3d7-0023ae759374", 
      "user_created": "", 
      "lower_window": 0, 
      "upper_window_unit": "D", 
      "grouping": null
    }
  }, 
  {
    "pk": "6eb56c30-900e-11e0-a3d7-0023ae759374", 
    "model": "bhp_form.entry", 
    "fields": {
      "entry_order": 110, 
      "hostname_created": "cabel", 
      "lower_window_unit": "D", 
      "created": "2011-06-06 09:27:28", 
      "required": "Yes", 
      "user_modified": "", 
      "modified": "2011-06-07 12:21:19", 
      "hostname_modified": "dmc3", 
      "upper_window": 0, 
      "content_type_map": 66, 
      "entry_category": "CLINIC", 
      "entry_window_calculation": "VISIT", 
      "time_point": 0, 
      "visit_definition": "6eb31976-900e-11e0-a3d7-0023ae759374", 
      "user_created": "", 
      "lower_window": 0, 
      "upper_window_unit": "D", 
      "grouping": null
    }
  }, 
  {
    "pk": "6eb5d72e-900e-11e0-a3d7-0023ae759374", 
    "model": "bhp_form.entry", 
    "fields": {
      "entry_order": 120, 
      "hostname_created": "cabel", 
      "lower_window_unit": "D", 
      "created": "2011-06-06 09:27:28", 
      "required": "Yes", 
      "user_modified": "", 
      "modified": "2011-06-07 12:21:19", 
      "hostname_modified": "dmc3", 
      "upper_window": 0, 
      "content_type_map": 68, 
      "entry_category": "CLINIC", 
      "entry_window_calculation": "VISIT", 
      "time_point": 0, 
      "visit_definition": "6eb31976-900e-11e0-a3d7-0023ae759374", 
      "user_created": "", 
      "lower_window": 0, 
      "upper_window_unit": "D", 
      "grouping": null
    }
  }, 
  {
    "pk": "6eb61aae-900e-11e0-a3d7-0023ae759374", 
    "model": "bhp_form.entry", 
    "fields": {
      "entry_order": 130, 
      "hostname_created": "cabel", 
      "lower_window_unit": "D", 
      "created": "2011-06-06 09:27:28", 
      "required": "Yes", 
      "user_modified": "", 
      "modified": "2011-06-07 12:21:19", 
      "hostname_modified": "dmc3", 
      "upper_window": 0, 
      "content_type_map": 69, 
      "entry_category": "CLINIC", 
      "entry_window_calculation": "VISIT", 
      "time_point": 0, 
      "visit_definition": "6eb31976-900e-11e0-a3d7-0023ae759374", 
      "user_created": "", 
      "lower_window": 0, 
      "upper_window_unit": "D", 
      "grouping": null
    }
  }, 
  {
    "pk": "6eb65ab4-900e-11e0-a3d7-0023ae759374", 
    "model": "bhp_form.entry", 
    "fields": {
      "entry_order": 140, 
      "hostname_created": "cabel", 
      "lower_window_unit": "D", 
      "created": "2011-06-06 09:27:28", 
      "required": "Yes", 
      "user_modified": "", 
      "modified": "2011-06-06 09:27:28", 
      "hostname_modified": "cabel", 
      "upper_window": 0, 
      "content_type_map": 64, 
      "entry_category": "CLINIC", 
      "entry_window_calculation": "VISIT", 
      "time_point": 0, 
      "visit_definition": "6eb31976-900e-11e0-a3d7-0023ae759374", 
      "user_created": "", 
      "lower_window": 0, 
      "upper_window_unit": "D", 
      "grouping": null
    }
  }, 
  {
    "pk": "6eb69998-900e-11e0-a3d7-0023ae759374", 
    "model": "bhp_form.entry", 
    "fields": {
      "entry_order": 150, 
      "hostname_created": "cabel", 
      "lower_window_unit": "D", 
      "created": "2011-06-06 09:27:28", 
      "required": "Yes", 
      "user_modified": "", 
      "modified": "2011-06-07 12:21:19", 
      "hostname_modified": "dmc3", 
      "upper_window": 0, 
      "content_type_map": 67, 
      "entry_category": "CLINIC", 
      "entry_window_calculation": "VISIT", 
      "time_point": 0, 
      "visit_definition": "6eb31976-900e-11e0-a3d7-0023ae759374", 
      "user_created": "", 
      "lower_window": 0, 
      "upper_window_unit": "D", 
      "grouping": null
    }
  }, 
  {
    "pk": "6eb6d94e-900e-11e0-a3d7-0023ae759374", 
    "model": "bhp_form.entry", 
    "fields": {
      "entry_order": 200, 
      "hostname_created": "cabel", 
      "lower_window_unit": "D", 
      "created": "2011-06-06 09:27:28", 
      "required": "Yes", 
      "user_modified": "", 
      "modified": "2011-06-07 12:21:19", 
      "hostname_modified": "dmc3", 
      "upper_window": 0, 
      "content_type_map": 51, 
      "entry_category": "CLINIC", 
      "entry_window_calculation": "VISIT", 
      "time_point": 0, 
      "visit_definition": "6eb31976-900e-11e0-a3d7-0023ae759374", 
      "user_created": "", 
      "lower_window": 0, 
      "upper_window_unit": "D", 
      "grouping": null
    }
  }, 
  {
    "pk": "6eb71968-900e-11e0-a3d7-0023ae759374", 
    "model": "bhp_form.entry", 
    "fields": {
      "entry_order": 210, 
      "hostname_created": "cabel", 
      "lower_window_unit": "D", 
      "created": "2011-06-06 09:27:28", 
      "required": "Yes", 
      "user_modified": "", 
      "modified": "2011-06-07 12:21:19", 
      "hostname_modified": "dmc3", 
      "upper_window": 0, 
      "content_type_map": 52, 
      "entry_category": "CLINIC", 
      "entry_window_calculation": "VISIT", 
      "time_point": 0, 
      "visit_definition": "6eb31976-900e-11e0-a3d7-0023ae759374", 
      "user_created": "", 
      "lower_window": 0, 
      "upper_window_unit": "D", 
      "grouping": null
    }
  }, 
  {
    "pk": "6eb759dc-900e-11e0-a3d7-0023ae759374", 
    "model": "bhp_form.entry", 
    "fields": {
      "entry_order": 300, 
      "hostname_created": "cabel", 
      "lower_window_unit": "D", 
      "created": "2011-06-06 09:27:28", 
      "required": "Yes", 
      "user_modified": "", 
      "modified": "2011-06-07 12:21:19", 
      "hostname_modified": "dmc3", 
      "upper_window": 0, 
      "content_type_map": 75, 
      "entry_category": "CLINIC", 
      "entry_window_calculation": "VISIT", 
      "time_point": 0, 
      "visit_definition": "6eb31976-900e-11e0-a3d7-0023ae759374", 
      "user_created": "", 
      "lower_window": 0, 
      "upper_window_unit": "D", 
      "grouping": null
    }
  }, 
  {
    "pk": "6eb79884-900e-11e0-a3d7-0023ae759374", 
    "model": "bhp_form.entry", 
    "fields": {
      "entry_order": 310, 
      "hostname_created": "cabel", 
      "lower_window_unit": "D", 
      "created": "2011-06-06 09:27:28", 
      "required": "Yes", 
      "user_modified": "", 
      "modified": "2011-06-07 12:21:19", 
      "hostname_modified": "dmc3", 
      "upper_window": 0, 
      "content_type_map": 76, 
      "entry_category": "CLINIC", 
      "entry_window_calculation": "VISIT", 
      "time_point": 0, 
      "visit_definition": "6eb31976-900e-11e0-a3d7-0023ae759374", 
      "user_created": "", 
      "lower_window": 0, 
      "upper_window_unit": "D", 
      "grouping": null
    }
  }, 
  {
    "pk": "6eb7d66e-900e-11e0-a3d7-0023ae759374", 
    "model": "bhp_form.entry", 
    "fields": {
      "entry_order": 320, 
      "hostname_created": "cabel", 
      "lower_window_unit": "D", 
      "created": "2011-06-06 09:27:28", 
      "required": "Yes", 
      "user_modified": "", 
      "modified": "2011-06-07 12:21:19", 
      "hostname_modified": "dmc3", 
      "upper_window": 0, 
      "content_type_map": 77, 
      "entry_category": "CLINIC", 
      "entry_window_calculation": "VISIT", 
      "time_point": 0, 
      "visit_definition": "6eb31976-900e-11e0-a3d7-0023ae759374", 
      "user_created": "", 
      "lower_window": 0, 
      "upper_window_unit": "D", 
      "grouping": null
    }
  }, 
  {
    "pk": "f94e5f8e-903e-11e0-92bf-0023ae759374", 
    "model": "bhp_form.entry", 
    "fields": {
      "entry_order": 100, 
      "hostname_created": "cabel", 
      "lower_window_unit": "D", 
      "created": "2011-06-06 15:14:56", 
      "required": "Yes", 
      "user_modified": "", 
      "modified": "2011-06-07 12:24:26", 
      "hostname_modified": "dmc3", 
      "upper_window": 0, 
      "content_type_map": 60, 
      "entry_category": "CLINIC", 
      "entry_window_calculation": "VISIT", 
      "time_point": 0, 
      "visit_definition": "d5e6f8e0-903d-11e0-92bf-0023ae759374", 
      "user_created": "", 
      "lower_window": 0, 
      "upper_window_unit": "D", 
      "grouping": null
    }
  }, 
  {
    "pk": "704325aa-919a-11e0-94c3-842b2b9d8d57", 
    "model": "bhp_form.entry", 
    "fields": {
      "entry_order": 100, 
      "hostname_created": "dmc3", 
      "lower_window_unit": "D", 
      "created": "2011-06-08 08:42:11", 
      "required": "Yes", 
      "user_modified": "", 
      "modified": "2011-06-08 08:42:11", 
      "hostname_modified": "dmc3", 
      "upper_window": 0, 
      "content_type_map": 26, 
      "entry_category": "CLINIC", 
      "entry_window_calculation": "VISIT", 
      "time_point": 0, 
      "visit_definition": "70415626-919a-11e0-94c3-842b2b9d8d57", 
      "user_created": "", 
      "lower_window": 0, 
      "upper_window_unit": "D", 
      "grouping": null
    }
  }, 
  {
    "pk": "70442a22-919a-11e0-94c3-842b2b9d8d57", 
    "model": "bhp_form.entry", 
    "fields": {
      "entry_order": 110, 
      "hostname_created": "dmc3", 
      "lower_window_unit": "D", 
      "created": "2011-06-08 08:42:11", 
      "required": "Yes", 
      "user_modified": "", 
      "modified": "2011-06-08 08:42:11", 
      "hostname_modified": "dmc3", 
      "upper_window": 0, 
      "content_type_map": 27, 
      "entry_category": "CLINIC", 
      "entry_window_calculation": "VISIT", 
      "time_point": 0, 
      "visit_definition": "70415626-919a-11e0-94c3-842b2b9d8d57", 
      "user_created": "", 
      "lower_window": 0, 
      "upper_window_unit": "D", 
      "grouping": null
    }
  }, 
  {
    "pk": "f94f42e6-903e-11e0-92bf-0023ae759374", 
    "model": "bhp_form.entry", 
    "fields": {
      "entry_order": 110, 
      "hostname_created": "cabel", 
      "lower_window_unit": "D", 
      "created": "2011-06-06 15:14:56", 
      "required": "Yes", 
      "user_modified": "", 
      "modified": "2011-06-07 12:24:15", 
      "hostname_modified": "dmc3", 
      "upper_window": 0, 
      "content_type_map": 66, 
      "entry_category": "CLINIC", 
      "entry_window_calculation": "VISIT", 
      "time_point": 0, 
      "visit_definition": "d5e6f8e0-903d-11e0-92bf-0023ae759374", 
      "user_created": "", 
      "lower_window": 0, 
      "upper_window_unit": "D", 
      "grouping": null
    }
  }, 
  {
    "pk": "70449160-919a-11e0-94c3-842b2b9d8d57", 
    "model": "bhp_form.entry", 
    "fields": {
      "entry_order": 120, 
      "hostname_created": "dmc3", 
      "lower_window_unit": "D", 
      "created": "2011-06-08 08:42:11", 
      "required": "Yes", 
      "user_modified": "", 
      "modified": "2011-06-08 08:42:11", 
      "hostname_modified": "dmc3", 
      "upper_window": 0, 
      "content_type_map": 28, 
      "entry_category": "CLINIC", 
      "entry_window_calculation": "VISIT", 
      "time_point": 0, 
      "visit_definition": "70415626-919a-11e0-94c3-842b2b9d8d57", 
      "user_created": "", 
      "lower_window": 0, 
      "upper_window_unit": "D", 
      "grouping": null
    }
  }, 
  {
    "pk": "f9501252-903e-11e0-92bf-0023ae759374", 
    "model": "bhp_form.entry", 
    "fields": {
      "entry_order": 120, 
      "hostname_created": "cabel", 
      "lower_window_unit": "D", 
      "created": "2011-06-06 15:14:56", 
      "required": "Yes", 
      "user_modified": "", 
      "modified": "2011-06-07 12:24:15", 
      "hostname_modified": "dmc3", 
      "upper_window": 0, 
      "content_type_map": 68, 
      "entry_category": "CLINIC", 
      "entry_window_calculation": "VISIT", 
      "time_point": 0, 
      "visit_definition": "d5e6f8e0-903d-11e0-92bf-0023ae759374", 
      "user_created": "", 
      "lower_window": 0, 
      "upper_window_unit": "D", 
      "grouping": null
    }
  }, 
  {
    "pk": "7044dc38-919a-11e0-94c3-842b2b9d8d57", 
    "model": "bhp_form.entry", 
    "fields": {
      "entry_order": 130, 
      "hostname_created": "dmc3", 
      "lower_window_unit": "D", 
      "created": "2011-06-08 08:42:11", 
      "required": "Yes", 
      "user_modified": "", 
      "modified": "2011-06-08 08:42:11", 
      "hostname_modified": "dmc3", 
      "upper_window": 0, 
      "content_type_map": 29, 
      "entry_category": "CLINIC", 
      "entry_window_calculation": "VISIT", 
      "time_point": 0, 
      "visit_definition": "70415626-919a-11e0-94c3-842b2b9d8d57", 
      "user_created": "", 
      "lower_window": 0, 
      "upper_window_unit": "D", 
      "grouping": null
    }
  }, 
  {
    "pk": "f950e11e-903e-11e0-92bf-0023ae759374", 
    "model": "bhp_form.entry", 
    "fields": {
      "entry_order": 130, 
      "hostname_created": "cabel", 
      "lower_window_unit": "D", 
      "created": "2011-06-06 15:14:56", 
      "required": "Yes", 
      "user_modified": "", 
      "modified": "2011-06-07 12:24:15", 
      "hostname_modified": "dmc3", 
      "upper_window": 0, 
      "content_type_map": 69, 
      "entry_category": "CLINIC", 
      "entry_window_calculation": "VISIT", 
      "time_point": 0, 
      "visit_definition": "d5e6f8e0-903d-11e0-92bf-0023ae759374", 
      "user_created": "", 
      "lower_window": 0, 
      "upper_window_unit": "D", 
      "grouping": null
    }
  }, 
  {
    "pk": "adcb3204-910a-11e0-8ff2-842b2b9d8d57", 
    "model": "bhp_form.entry", 
    "fields": {
      "entry_order": 135, 
      "hostname_created": "dmc3", 
      "lower_window_unit": "D", 
      "created": "2011-06-07 15:33:07", 
      "required": "Yes", 
      "user_modified": "", 
      "modified": "2011-06-07 15:33:07", 
      "hostname_modified": "dmc3", 
      "upper_window": 0, 
      "content_type_map": 65, 
      "entry_category": "CLINIC", 
      "entry_window_calculation": "VISIT", 
      "time_point": 0, 
      "visit_definition": "d5e6f8e0-903d-11e0-92bf-0023ae759374", 
      "user_created": "", 
      "lower_window": 0, 
      "upper_window_unit": "D", 
      "grouping": null
    }
  }, 
  {
    "pk": "f951464a-903e-11e0-92bf-0023ae759374", 
    "model": "bhp_form.entry", 
    "fields": {
      "entry_order": 140, 
      "hostname_created": "cabel", 
      "lower_window_unit": "D", 
      "created": "2011-06-06 15:14:56", 
      "required": "Yes", 
      "user_modified": "", 
      "modified": "2011-06-06 15:14:56", 
      "hostname_modified": "cabel", 
      "upper_window": 0, 
      "content_type_map": 64, 
      "entry_category": "CLINIC", 
      "entry_window_calculation": "VISIT", 
      "time_point": 0, 
      "visit_definition": "d5e6f8e0-903d-11e0-92bf-0023ae759374", 
      "user_created": "", 
      "lower_window": 0, 
      "upper_window_unit": "D", 
      "grouping": null
    }
  }, 
  {
    "pk": "f951d0ec-903e-11e0-92bf-0023ae759374", 
    "model": "bhp_form.entry", 
    "fields": {
      "entry_order": 200, 
      "hostname_created": "cabel", 
      "lower_window_unit": "D", 
      "created": "2011-06-06 15:14:56", 
      "required": "Yes", 
      "user_modified": "", 
      "modified": "2011-06-07 12:24:15", 
      "hostname_modified": "dmc3", 
      "upper_window": 0, 
      "content_type_map": 51, 
      "entry_category": "CLINIC", 
      "entry_window_calculation": "VISIT", 
      "time_point": 0, 
      "visit_definition": "d5e6f8e0-903d-11e0-92bf-0023ae759374", 
      "user_created": "", 
      "lower_window": 0, 
      "upper_window_unit": "D", 
      "grouping": null
    }
  }, 
  {
    "pk": "f9521ac0-903e-11e0-92bf-0023ae759374", 
    "model": "bhp_form.entry", 
    "fields": {
      "entry_order": 210, 
      "hostname_created": "cabel", 
      "lower_window_unit": "D", 
      "created": "2011-06-06 15:14:56", 
      "required": "Yes", 
      "user_modified": "", 
      "modified": "2011-06-07 12:24:15", 
      "hostname_modified": "dmc3", 
      "upper_window": 0, 
      "content_type_map": 52, 
      "entry_category": "CLINIC", 
      "entry_window_calculation": "VISIT", 
      "time_point": 0, 
      "visit_definition": "d5e6f8e0-903d-11e0-92bf-0023ae759374", 
      "user_created": "", 
      "lower_window": 0, 
      "upper_window_unit": "D", 
      "grouping": null
    }
  }, 
  {
    "pk": "f9525b70-903e-11e0-92bf-0023ae759374", 
    "model": "bhp_form.entry", 
    "fields": {
      "entry_order": 300, 
      "hostname_created": "cabel", 
      "lower_window_unit": "D", 
      "created": "2011-06-06 15:14:56", 
      "required": "Yes", 
      "user_modified": "", 
      "modified": "2011-06-07 12:24:15", 
      "hostname_modified": "dmc3", 
      "upper_window": 0, 
      "content_type_map": 75, 
      "entry_category": "CLINIC", 
      "entry_window_calculation": "VISIT", 
      "time_point": 0, 
      "visit_definition": "d5e6f8e0-903d-11e0-92bf-0023ae759374", 
      "user_created": "", 
      "lower_window": 0, 
      "upper_window_unit": "D", 
      "grouping": null
    }
  }, 
  {
    "pk": "f9529b58-903e-11e0-92bf-0023ae759374", 
    "model": "bhp_form.entry", 
    "fields": {
      "entry_order": 310, 
      "hostname_created": "cabel", 
      "lower_window_unit": "D", 
      "created": "2011-06-06 15:14:56", 
      "required": "Yes", 
      "user_modified": "", 
      "modified": "2011-06-07 12:24:15", 
      "hostname_modified": "dmc3", 
      "upper_window": 0, 
      "content_type_map": 76, 
      "entry_category": "CLINIC", 
      "entry_window_calculation": "VISIT", 
      "time_point": 0, 
      "visit_definition": "d5e6f8e0-903d-11e0-92bf-0023ae759374", 
      "user_created": "", 
      "lower_window": 0, 
      "upper_window_unit": "D", 
      "grouping": null
    }
  }, 
  {
    "pk": "f952dba4-903e-11e0-92bf-0023ae759374", 
    "model": "bhp_form.entry", 
    "fields": {
      "entry_order": 320, 
      "hostname_created": "cabel", 
      "lower_window_unit": "D", 
      "created": "2011-06-06 15:14:56", 
      "required": "Yes", 
      "user_modified": "", 
      "modified": "2011-06-07 12:24:15", 
      "hostname_modified": "dmc3", 
      "upper_window": 0, 
      "content_type_map": 77, 
      "entry_category": "CLINIC", 
      "entry_window_calculation": "VISIT", 
      "time_point": 0, 
      "visit_definition": "d5e6f8e0-903d-11e0-92bf-0023ae759374", 
      "user_created": "", 
      "lower_window": 0, 
      "upper_window_unit": "D", 
      "grouping": null
    }
  }, 
  {
    "pk": "f2e1e0c6-9011-11e0-b002-0023ae759374", 
    "model": "bhp_form.entry", 
    "fields": {
      "entry_order": 100, 
      "hostname_created": "cabel", 
      "lower_window_unit": "D", 
      "created": "2011-06-06 09:52:38", 
      "required": "Yes", 
      "user_modified": "", 
      "modified": "2011-06-07 12:26:57", 
      "hostname_modified": "dmc3", 
      "upper_window": 0, 
      "content_type_map": 81, 
      "entry_category": "CLINIC", 
      "entry_window_calculation": "VISIT", 
      "time_point": 0, 
      "visit_definition": "f2e047fc-9011-11e0-b002-0023ae759374", 
      "user_created": "", 
      "lower_window": 0, 
      "upper_window_unit": "D", 
      "grouping": null
    }
  }, 
  {
    "pk": "db62276e-919a-11e0-94c3-842b2b9d8d57", 
    "model": "bhp_form.entry", 
    "fields": {
      "entry_order": 100, 
      "hostname_created": "dmc3", 
      "lower_window_unit": "D", 
      "created": "2011-06-08 08:45:11", 
      "required": "Yes", 
      "user_modified": "", 
      "modified": "2011-06-08 08:45:11", 
      "hostname_modified": "dmc3", 
      "upper_window": 0, 
      "content_type_map": 41, 
      "entry_category": "CLINIC", 
      "entry_window_calculation": "VISIT", 
      "time_point": 0, 
      "visit_definition": "db6148a8-919a-11e0-94c3-842b2b9d8d57", 
      "user_created": "", 
      "lower_window": 0, 
      "upper_window_unit": "D", 
      "grouping": null
    }
  }, 
  {
    "pk": "db626954-919a-11e0-94c3-842b2b9d8d57", 
    "model": "bhp_form.entry", 
    "fields": {
      "entry_order": 110, 
      "hostname_created": "dmc3", 
      "lower_window_unit": "D", 
      "created": "2011-06-08 08:45:11", 
      "required": "Yes", 
      "user_modified": "", 
      "modified": "2011-06-08 08:45:11", 
      "hostname_modified": "dmc3", 
      "upper_window": 0, 
      "content_type_map": 36, 
      "entry_category": "CLINIC", 
      "entry_window_calculation": "VISIT", 
      "time_point": 0, 
      "visit_definition": "db6148a8-919a-11e0-94c3-842b2b9d8d57", 
      "user_created": "", 
      "lower_window": 0, 
      "upper_window_unit": "D", 
      "grouping": null
    }
  }, 
  {
    "pk": "f2e2b6c2-9011-11e0-b002-0023ae759374", 
    "model": "bhp_form.entry", 
    "fields": {
      "entry_order": 110, 
      "hostname_created": "cabel", 
      "lower_window_unit": "D", 
      "created": "2011-06-06 09:52:38", 
      "required": "Yes", 
      "user_modified": "", 
      "modified": "2011-06-07 12:26:57", 
      "hostname_modified": "dmc3", 
      "upper_window": 0, 
      "content_type_map": 82, 
      "entry_category": "CLINIC", 
      "entry_window_calculation": "VISIT", 
      "time_point": 0, 
      "visit_definition": "f2e047fc-9011-11e0-b002-0023ae759374", 
      "user_created": "", 
      "lower_window": 0, 
      "upper_window_unit": "D", 
      "grouping": null
    }
  }, 
  {
    "pk": "db62a61c-919a-11e0-94c3-842b2b9d8d57", 
    "model": "bhp_form.entry", 
    "fields": {
      "entry_order": 120, 
      "hostname_created": "dmc3", 
      "lower_window_unit": "D", 
      "created": "2011-06-08 08:45:11", 
      "required": "Yes", 
      "user_modified": "", 
      "modified": "2011-06-08 08:45:11", 
      "hostname_modified": "dmc3", 
      "upper_window": 0, 
      "content_type_map": 32, 
      "entry_category": "CLINIC", 
      "entry_window_calculation": "VISIT", 
      "time_point": 0, 
      "visit_definition": "db6148a8-919a-11e0-94c3-842b2b9d8d57", 
      "user_created": "", 
      "lower_window": 0, 
      "upper_window_unit": "D", 
      "grouping": null
    }
  }, 
  {
    "pk": "db62e1f4-919a-11e0-94c3-842b2b9d8d57", 
    "model": "bhp_form.entry", 
    "fields": {
      "entry_order": 130, 
      "hostname_created": "dmc3", 
      "lower_window_unit": "D", 
      "created": "2011-06-08 08:45:11", 
      "required": "Yes", 
      "user_modified": "", 
      "modified": "2011-06-08 08:45:11", 
      "hostname_modified": "dmc3", 
      "upper_window": 0, 
      "content_type_map": 35, 
      "entry_category": "CLINIC", 
      "entry_window_calculation": "VISIT", 
      "time_point": 0, 
      "visit_definition": "db6148a8-919a-11e0-94c3-842b2b9d8d57", 
      "user_created": "", 
      "lower_window": 0, 
      "upper_window_unit": "D", 
      "grouping": null
    }
  }, 
  {
    "pk": "db6326a0-919a-11e0-94c3-842b2b9d8d57", 
    "model": "bhp_form.entry", 
    "fields": {
      "entry_order": 140, 
      "hostname_created": "dmc3", 
      "lower_window_unit": "D", 
      "created": "2011-06-08 08:45:11", 
      "required": "Yes", 
      "user_modified": "", 
      "modified": "2011-06-08 08:45:11", 
      "hostname_modified": "dmc3", 
      "upper_window": 0, 
      "content_type_map": 37, 
      "entry_category": "CLINIC", 
      "entry_window_calculation": "VISIT", 
      "time_point": 0, 
      "visit_definition": "db6148a8-919a-11e0-94c3-842b2b9d8d57", 
      "user_created": "", 
      "lower_window": 0, 
      "upper_window_unit": "D", 
      "grouping": null
    }
  }, 
  {
    "pk": "db636aa2-919a-11e0-94c3-842b2b9d8d57", 
    "model": "bhp_form.entry", 
    "fields": {
      "entry_order": 200, 
      "hostname_created": "dmc3", 
      "lower_window_unit": "D", 
      "created": "2011-06-08 08:45:11", 
      "required": "Yes", 
      "user_modified": "", 
      "modified": "2011-06-08 08:45:11", 
      "hostname_modified": "dmc3", 
      "upper_window": 0, 
      "content_type_map": 46, 
      "entry_category": "CLINIC", 
      "entry_window_calculation": "VISIT", 
      "time_point": 0, 
      "visit_definition": "db6148a8-919a-11e0-94c3-842b2b9d8d57", 
      "user_created": "", 
      "lower_window": 0, 
      "upper_window_unit": "D", 
      "grouping": null
    }
  }, 
  {
    "pk": "f2e36edc-9011-11e0-b002-0023ae759374", 
    "model": "bhp_form.entry", 
    "fields": {
      "entry_order": 200, 
      "hostname_created": "cabel", 
      "lower_window_unit": "D", 
      "created": "2011-06-06 09:52:38", 
      "required": "Yes", 
      "user_modified": "", 
      "modified": "2011-06-07 12:26:57", 
      "hostname_modified": "dmc3", 
      "upper_window": 0, 
      "content_type_map": 53, 
      "entry_category": "CLINIC", 
      "entry_window_calculation": "VISIT", 
      "time_point": 0, 
      "visit_definition": "f2e047fc-9011-11e0-b002-0023ae759374", 
      "user_created": "", 
      "lower_window": 0, 
      "upper_window_unit": "D", 
      "grouping": null
    }
  }, 
  {
    "pk": "db63b9ee-919a-11e0-94c3-842b2b9d8d57", 
    "model": "bhp_form.entry", 
    "fields": {
      "entry_order": 210, 
      "hostname_created": "dmc3", 
      "lower_window_unit": "D", 
      "created": "2011-06-08 08:45:11", 
      "required": "Yes", 
      "user_modified": "", 
      "modified": "2011-06-08 08:45:11", 
      "hostname_modified": "dmc3", 
      "upper_window": 0, 
      "content_type_map": 47, 
      "entry_category": "CLINIC", 
      "entry_window_calculation": "VISIT", 
      "time_point": 0, 
      "visit_definition": "db6148a8-919a-11e0-94c3-842b2b9d8d57", 
      "user_created": "", 
      "lower_window": 0, 
      "upper_window_unit": "D", 
      "grouping": null
    }
  }, 
  {
    "pk": "f2e3ce5e-9011-11e0-b002-0023ae759374", 
    "model": "bhp_form.entry", 
    "fields": {
      "entry_order": 210, 
      "hostname_created": "cabel", 
      "lower_window_unit": "D", 
      "created": "2011-06-06 09:52:38", 
      "required": "Yes", 
      "user_modified": "", 
      "modified": "2011-06-07 12:26:57", 
      "hostname_modified": "dmc3", 
      "upper_window": 0, 
      "content_type_map": 54, 
      "entry_category": "CLINIC", 
      "entry_window_calculation": "VISIT", 
      "time_point": 0, 
      "visit_definition": "f2e047fc-9011-11e0-b002-0023ae759374", 
      "user_created": "", 
      "lower_window": 0, 
      "upper_window_unit": "D", 
      "grouping": null
    }
  }, 
  {
    "pk": "f2e40e1e-9011-11e0-b002-0023ae759374", 
    "model": "bhp_form.entry", 
    "fields": {
      "entry_order": 220, 
      "hostname_created": "cabel", 
      "lower_window_unit": "D", 
      "created": "2011-06-06 09:52:38", 
      "required": "Yes", 
      "user_modified": "", 
      "modified": "2011-06-07 12:26:57", 
      "hostname_modified": "dmc3", 
      "upper_window": 0, 
      "content_type_map": 55, 
      "entry_category": "CLINIC", 
      "entry_window_calculation": "VISIT", 
      "time_point": 0, 
      "visit_definition": "f2e047fc-9011-11e0-b002-0023ae759374", 
      "user_created": "", 
      "lower_window": 0, 
      "upper_window_unit": "D", 
      "grouping": null
    }
  }, 
  {
    "pk": "db63fb3e-919a-11e0-94c3-842b2b9d8d57", 
    "model": "bhp_form.entry", 
    "fields": {
      "entry_order": 300, 
      "hostname_created": "dmc3", 
      "lower_window_unit": "D", 
      "created": "2011-06-08 08:45:11", 
      "required": "Yes", 
      "user_modified": "", 
      "modified": "2011-06-08 08:45:11", 
      "hostname_modified": "dmc3", 
      "upper_window": 0, 
      "content_type_map": 31, 
      "entry_category": "CLINIC", 
      "entry_window_calculation": "VISIT", 
      "time_point": 0, 
      "visit_definition": "db6148a8-919a-11e0-94c3-842b2b9d8d57", 
      "user_created": "", 
      "lower_window": 0, 
      "upper_window_unit": "D", 
      "grouping": null
    }
  }, 
  {
    "pk": "78b5bede-903f-11e0-92bf-0023ae759374", 
    "model": "bhp_form.entry", 
    "fields": {
      "entry_order": 100, 
      "hostname_created": "cabel", 
      "lower_window_unit": "D", 
      "created": "2011-06-06 15:18:30", 
      "required": "Yes", 
      "user_modified": "", 
      "modified": "2011-06-07 12:27:26", 
      "hostname_modified": "dmc3", 
      "upper_window": 0, 
      "content_type_map": 81, 
      "entry_category": "CLINIC", 
      "entry_window_calculation": "VISIT", 
      "time_point": 0, 
      "visit_definition": "ddabac5e-9012-11e0-a69d-0023ae759374", 
      "user_created": "", 
      "lower_window": 0, 
      "upper_window_unit": "D", 
      "grouping": null
    }
  }, 
  {
    "pk": "78b6010a-903f-11e0-92bf-0023ae759374", 
    "model": "bhp_form.entry", 
    "fields": {
      "entry_order": 110, 
      "hostname_created": "cabel", 
      "lower_window_unit": "D", 
      "created": "2011-06-06 15:18:30", 
      "required": "Yes", 
      "user_modified": "", 
      "modified": "2011-06-07 12:27:26", 
      "hostname_modified": "dmc3", 
      "upper_window": 0, 
      "content_type_map": 82, 
      "entry_category": "CLINIC", 
      "entry_window_calculation": "VISIT", 
      "time_point": 0, 
      "visit_definition": "ddabac5e-9012-11e0-a69d-0023ae759374", 
      "user_created": "", 
      "lower_window": 0, 
      "upper_window_unit": "D", 
      "grouping": null
    }
  }, 
  {
    "pk": "78b64908-903f-11e0-92bf-0023ae759374", 
    "model": "bhp_form.entry", 
    "fields": {
      "entry_order": 200, 
      "hostname_created": "cabel", 
      "lower_window_unit": "D", 
      "created": "2011-06-06 15:18:30", 
      "required": "Yes", 
      "user_modified": "", 
      "modified": "2011-06-07 12:27:26", 
      "hostname_modified": "dmc3", 
      "upper_window": 0, 
      "content_type_map": 53, 
      "entry_category": "CLINIC", 
      "entry_window_calculation": "VISIT", 
      "time_point": 0, 
      "visit_definition": "ddabac5e-9012-11e0-a69d-0023ae759374", 
      "user_created": "", 
      "lower_window": 0, 
      "upper_window_unit": "D", 
      "grouping": null
    }
  }, 
  {
    "pk": "78b68cec-903f-11e0-92bf-0023ae759374", 
    "model": "bhp_form.entry", 
    "fields": {
      "entry_order": 210, 
      "hostname_created": "cabel", 
      "lower_window_unit": "D", 
      "created": "2011-06-06 15:18:30", 
      "required": "Yes", 
      "user_modified": "", 
      "modified": "2011-06-07 12:27:26", 
      "hostname_modified": "dmc3", 
      "upper_window": 0, 
      "content_type_map": 54, 
      "entry_category": "CLINIC", 
      "entry_window_calculation": "VISIT", 
      "time_point": 0, 
      "visit_definition": "ddabac5e-9012-11e0-a69d-0023ae759374", 
      "user_created": "", 
      "lower_window": 0, 
      "upper_window_unit": "D", 
      "grouping": null
    }
  }, 
  {
    "pk": "78b6cbbc-903f-11e0-92bf-0023ae759374", 
    "model": "bhp_form.entry", 
    "fields": {
      "entry_order": 220, 
      "hostname_created": "cabel", 
      "lower_window_unit": "D", 
      "created": "2011-06-06 15:18:30", 
      "required": "Yes", 
      "user_modified": "", 
      "modified": "2011-06-07 12:27:26", 
      "hostname_modified": "dmc3", 
      "upper_window": 0, 
      "content_type_map": 55, 
      "entry_category": "CLINIC", 
      "entry_window_calculation": "VISIT", 
      "time_point": 0, 
      "visit_definition": "ddabac5e-9012-11e0-a69d-0023ae759374", 
      "user_created": "", 
      "lower_window": 0, 
      "upper_window_unit": "D", 
      "grouping": null
    }
  }, 
  {
    "pk": "bf8375ea-903f-11e0-92bf-0023ae759374", 
    "model": "bhp_form.entry", 
    "fields": {
      "entry_order": 100, 
      "hostname_created": "cabel", 
      "lower_window_unit": "D", 
      "created": "2011-06-06 15:20:29", 
      "required": "Yes", 
      "user_modified": "", 
      "modified": "2011-06-07 12:27:46", 
      "hostname_modified": "dmc3", 
      "upper_window": 0, 
      "content_type_map": 81, 
      "entry_category": "CLINIC", 
      "entry_window_calculation": "VISIT", 
      "time_point": 0, 
      "visit_definition": "e597fe4a-9012-11e0-a69d-0023ae759374", 
      "user_created": "", 
      "lower_window": 0, 
      "upper_window_unit": "D", 
      "grouping": null
    }
  }, 
  {
    "pk": "bf83b7ee-903f-11e0-92bf-0023ae759374", 
    "model": "bhp_form.entry", 
    "fields": {
      "entry_order": 110, 
      "hostname_created": "cabel", 
      "lower_window_unit": "D", 
      "created": "2011-06-06 15:20:29", 
      "required": "Yes", 
      "user_modified": "", 
      "modified": "2011-06-07 12:27:46", 
      "hostname_modified": "dmc3", 
      "upper_window": 0, 
      "content_type_map": 82, 
      "entry_category": "CLINIC", 
      "entry_window_calculation": "VISIT", 
      "time_point": 0, 
      "visit_definition": "e597fe4a-9012-11e0-a69d-0023ae759374", 
      "user_created": "", 
      "lower_window": 0, 
      "upper_window_unit": "D", 
      "grouping": null
    }
  }, 
  {
    "pk": "bf83f696-903f-11e0-92bf-0023ae759374", 
    "model": "bhp_form.entry", 
    "fields": {
      "entry_order": 200, 
      "hostname_created": "cabel", 
      "lower_window_unit": "D", 
      "created": "2011-06-06 15:20:29", 
      "required": "Yes", 
      "user_modified": "", 
      "modified": "2011-06-07 12:27:46", 
      "hostname_modified": "dmc3", 
      "upper_window": 0, 
      "content_type_map": 53, 
      "entry_category": "CLINIC", 
      "entry_window_calculation": "VISIT", 
      "time_point": 0, 
      "visit_definition": "e597fe4a-9012-11e0-a69d-0023ae759374", 
      "user_created": "", 
      "lower_window": 0, 
      "upper_window_unit": "D", 
      "grouping": null
    }
  }, 
  {
    "pk": "bf8434b2-903f-11e0-92bf-0023ae759374", 
    "model": "bhp_form.entry", 
    "fields": {
      "entry_order": 210, 
      "hostname_created": "cabel", 
      "lower_window_unit": "D", 
      "created": "2011-06-06 15:20:29", 
      "required": "Yes", 
      "user_modified": "", 
      "modified": "2011-06-07 12:27:46", 
      "hostname_modified": "dmc3", 
      "upper_window": 0, 
      "content_type_map": 54, 
      "entry_category": "CLINIC", 
      "entry_window_calculation": "VISIT", 
      "time_point": 0, 
      "visit_definition": "e597fe4a-9012-11e0-a69d-0023ae759374", 
      "user_created": "", 
      "lower_window": 0, 
      "upper_window_unit": "D", 
      "grouping": null
    }
  }, 
  {
    "pk": "bf84727e-903f-11e0-92bf-0023ae759374", 
    "model": "bhp_form.entry", 
    "fields": {
      "entry_order": 220, 
      "hostname_created": "cabel", 
      "lower_window_unit": "D", 
      "created": "2011-06-06 15:20:29", 
      "required": "Yes", 
      "user_modified": "", 
      "modified": "2011-06-07 12:27:46", 
      "hostname_modified": "dmc3", 
      "upper_window": 0, 
      "content_type_map": 55, 
      "entry_category": "CLINIC", 
      "entry_window_calculation": "VISIT", 
      "time_point": 0, 
      "visit_definition": "e597fe4a-9012-11e0-a69d-0023ae759374", 
      "user_created": "", 
      "lower_window": 0, 
      "upper_window_unit": "D", 
      "grouping": null
    }
  }, 
  {
    "pk": "06322306-9040-11e0-92bf-0023ae759374", 
    "model": "bhp_form.entry", 
    "fields": {
      "entry_order": 100, 
      "hostname_created": "cabel", 
      "lower_window_unit": "D", 
      "created": "2011-06-06 15:22:27", 
      "required": "Yes", 
      "user_modified": "", 
      "modified": "2011-06-07 12:28:14", 
      "hostname_modified": "dmc3", 
      "upper_window": 0, 
      "content_type_map": 81, 
      "entry_category": "CLINIC", 
      "entry_window_calculation": "VISIT", 
      "time_point": 0, 
      "visit_definition": "edb9c004-9012-11e0-a69d-0023ae759374", 
      "user_created": "", 
      "lower_window": 0, 
      "upper_window_unit": "D", 
      "grouping": null
    }
  }, 
  {
    "pk": "06326596-9040-11e0-92bf-0023ae759374", 
    "model": "bhp_form.entry", 
    "fields": {
      "entry_order": 110, 
      "hostname_created": "cabel", 
      "lower_window_unit": "D", 
      "created": "2011-06-06 15:22:27", 
      "required": "Yes", 
      "user_modified": "", 
      "modified": "2011-06-07 12:28:14", 
      "hostname_modified": "dmc3", 
      "upper_window": 0, 
      "content_type_map": 82, 
      "entry_category": "CLINIC", 
      "entry_window_calculation": "VISIT", 
      "time_point": 0, 
      "visit_definition": "edb9c004-9012-11e0-a69d-0023ae759374", 
      "user_created": "", 
      "lower_window": 0, 
      "upper_window_unit": "D", 
      "grouping": null
    }
  }, 
  {
    "pk": "0632a48e-9040-11e0-92bf-0023ae759374", 
    "model": "bhp_form.entry", 
    "fields": {
      "entry_order": 200, 
      "hostname_created": "cabel", 
      "lower_window_unit": "D", 
      "created": "2011-06-06 15:22:27", 
      "required": "Yes", 
      "user_modified": "", 
      "modified": "2011-06-07 12:28:14", 
      "hostname_modified": "dmc3", 
      "upper_window": 0, 
      "content_type_map": 53, 
      "entry_category": "CLINIC", 
      "entry_window_calculation": "VISIT", 
      "time_point": 0, 
      "visit_definition": "edb9c004-9012-11e0-a69d-0023ae759374", 
      "user_created": "", 
      "lower_window": 0, 
      "upper_window_unit": "D", 
      "grouping": null
    }
  }, 
  {
    "pk": "0632e962-9040-11e0-92bf-0023ae759374", 
    "model": "bhp_form.entry", 
    "fields": {
      "entry_order": 210, 
      "hostname_created": "cabel", 
      "lower_window_unit": "D", 
      "created": "2011-06-06 15:22:27", 
      "required": "Yes", 
      "user_modified": "", 
      "modified": "2011-06-07 12:28:14", 
      "hostname_modified": "dmc3", 
      "upper_window": 0, 
      "content_type_map": 54, 
      "entry_category": "CLINIC", 
      "entry_window_calculation": "VISIT", 
      "time_point": 0, 
      "visit_definition": "edb9c004-9012-11e0-a69d-0023ae759374", 
      "user_created": "", 
      "lower_window": 0, 
      "upper_window_unit": "D", 
      "grouping": null
    }
  }, 
  {
    "pk": "06333048-9040-11e0-92bf-0023ae759374", 
    "model": "bhp_form.entry", 
    "fields": {
      "entry_order": 220, 
      "hostname_created": "cabel", 
      "lower_window_unit": "D", 
      "created": "2011-06-06 15:22:27", 
      "required": "Yes", 
      "user_modified": "", 
      "modified": "2011-06-07 12:28:14", 
      "hostname_modified": "dmc3", 
      "upper_window": 0, 
      "content_type_map": 55, 
      "entry_category": "CLINIC", 
      "entry_window_calculation": "VISIT", 
      "time_point": 0, 
      "visit_definition": "edb9c004-9012-11e0-a69d-0023ae759374", 
      "user_created": "", 
      "lower_window": 0, 
      "upper_window_unit": "D", 
      "grouping": null
    }
  }, 
  {
    "pk": "3527cba2-9040-11e0-92bf-0023ae759374", 
    "model": "bhp_form.entry", 
    "fields": {
      "entry_order": 100, 
      "hostname_created": "cabel", 
      "lower_window_unit": "D", 
      "created": "2011-06-06 15:23:46", 
      "required": "Yes", 
      "user_modified": "", 
      "modified": "2011-06-07 12:28:30", 
      "hostname_modified": "dmc3", 
      "upper_window": 0, 
      "content_type_map": 81, 
      "entry_category": "CLINIC", 
      "entry_window_calculation": "VISIT", 
      "time_point": 0, 
      "visit_definition": "f383a9f0-9012-11e0-a69d-0023ae759374", 
      "user_created": "", 
      "lower_window": 0, 
      "upper_window_unit": "D", 
      "grouping": null
    }
  }, 
  {
    "pk": "352818c8-9040-11e0-92bf-0023ae759374", 
    "model": "bhp_form.entry", 
    "fields": {
      "entry_order": 110, 
      "hostname_created": "cabel", 
      "lower_window_unit": "D", 
      "created": "2011-06-06 15:23:46", 
      "required": "Yes", 
      "user_modified": "", 
      "modified": "2011-06-07 12:28:30", 
      "hostname_modified": "dmc3", 
      "upper_window": 0, 
      "content_type_map": 82, 
      "entry_category": "CLINIC", 
      "entry_window_calculation": "VISIT", 
      "time_point": 0, 
      "visit_definition": "f383a9f0-9012-11e0-a69d-0023ae759374", 
      "user_created": "", 
      "lower_window": 0, 
      "upper_window_unit": "D", 
      "grouping": null
    }
  }, 
  {
    "pk": "3528683c-9040-11e0-92bf-0023ae759374", 
    "model": "bhp_form.entry", 
    "fields": {
      "entry_order": 200, 
      "hostname_created": "cabel", 
      "lower_window_unit": "D", 
      "created": "2011-06-06 15:23:46", 
      "required": "Yes", 
      "user_modified": "", 
      "modified": "2011-06-07 12:28:30", 
      "hostname_modified": "dmc3", 
      "upper_window": 0, 
      "content_type_map": 53, 
      "entry_category": "CLINIC", 
      "entry_window_calculation": "VISIT", 
      "time_point": 0, 
      "visit_definition": "f383a9f0-9012-11e0-a69d-0023ae759374", 
      "user_created": "", 
      "lower_window": 0, 
      "upper_window_unit": "D", 
      "grouping": null
    }
  }, 
  {
    "pk": "3528b724-9040-11e0-92bf-0023ae759374", 
    "model": "bhp_form.entry", 
    "fields": {
      "entry_order": 210, 
      "hostname_created": "cabel", 
      "lower_window_unit": "D", 
      "created": "2011-06-06 15:23:46", 
      "required": "Yes", 
      "user_modified": "", 
      "modified": "2011-06-07 12:28:30", 
      "hostname_modified": "dmc3", 
      "upper_window": 0, 
      "content_type_map": 54, 
      "entry_category": "CLINIC", 
      "entry_window_calculation": "VISIT", 
      "time_point": 0, 
      "visit_definition": "f383a9f0-9012-11e0-a69d-0023ae759374", 
      "user_created": "", 
      "lower_window": 0, 
      "upper_window_unit": "D", 
      "grouping": null
    }
  }, 
  {
    "pk": "35290418-9040-11e0-92bf-0023ae759374", 
    "model": "bhp_form.entry", 
    "fields": {
      "entry_order": 220, 
      "hostname_created": "cabel", 
      "lower_window_unit": "D", 
      "created": "2011-06-06 15:23:46", 
      "required": "Yes", 
      "user_modified": "", 
      "modified": "2011-06-07 12:28:30", 
      "hostname_modified": "dmc3", 
      "upper_window": 0, 
      "content_type_map": 55, 
      "entry_category": "CLINIC", 
      "entry_window_calculation": "VISIT", 
      "time_point": 0, 
      "visit_definition": "f383a9f0-9012-11e0-a69d-0023ae759374", 
      "user_created": "", 
      "lower_window": 0, 
      "upper_window_unit": "D", 
      "grouping": null
    }
  }, 
  {
    "pk": "a36e10da-9040-11e0-92bf-0023ae759374", 
    "model": "bhp_form.entry", 
    "fields": {
      "entry_order": 100, 
      "hostname_created": "cabel", 
      "lower_window_unit": "D", 
      "created": "2011-06-06 15:26:51", 
      "required": "Yes", 
      "user_modified": "", 
      "modified": "2011-06-07 12:28:46", 
      "hostname_modified": "dmc3", 
      "upper_window": 0, 
      "content_type_map": 81, 
      "entry_category": "CLINIC", 
      "entry_window_calculation": "VISIT", 
      "time_point": 0, 
      "visit_definition": "fa96b412-9012-11e0-a69d-0023ae759374", 
      "user_created": "", 
      "lower_window": 0, 
      "upper_window_unit": "D", 
      "grouping": null
    }
  }, 
  {
    "pk": "a36e53ec-9040-11e0-92bf-0023ae759374", 
    "model": "bhp_form.entry", 
    "fields": {
      "entry_order": 110, 
      "hostname_created": "cabel", 
      "lower_window_unit": "D", 
      "created": "2011-06-06 15:26:51", 
      "required": "Yes", 
      "user_modified": "", 
      "modified": "2011-06-07 12:28:46", 
      "hostname_modified": "dmc3", 
      "upper_window": 0, 
      "content_type_map": 82, 
      "entry_category": "CLINIC", 
      "entry_window_calculation": "VISIT", 
      "time_point": 0, 
      "visit_definition": "fa96b412-9012-11e0-a69d-0023ae759374", 
      "user_created": "", 
      "lower_window": 0, 
      "upper_window_unit": "D", 
      "grouping": null
    }
  }, 
  {
    "pk": "a36e935c-9040-11e0-92bf-0023ae759374", 
    "model": "bhp_form.entry", 
    "fields": {
      "entry_order": 200, 
      "hostname_created": "cabel", 
      "lower_window_unit": "D", 
      "created": "2011-06-06 15:26:51", 
      "required": "Yes", 
      "user_modified": "", 
      "modified": "2011-06-07 12:28:46", 
      "hostname_modified": "dmc3", 
      "upper_window": 0, 
      "content_type_map": 53, 
      "entry_category": "CLINIC", 
      "entry_window_calculation": "VISIT", 
      "time_point": 0, 
      "visit_definition": "fa96b412-9012-11e0-a69d-0023ae759374", 
      "user_created": "", 
      "lower_window": 0, 
      "upper_window_unit": "D", 
      "grouping": null
    }
  }, 
  {
    "pk": "a36edee8-9040-11e0-92bf-0023ae759374", 
    "model": "bhp_form.entry", 
    "fields": {
      "entry_order": 210, 
      "hostname_created": "cabel", 
      "lower_window_unit": "D", 
      "created": "2011-06-06 15:26:51", 
      "required": "Yes", 
      "user_modified": "", 
      "modified": "2011-06-07 12:28:46", 
      "hostname_modified": "dmc3", 
      "upper_window": 0, 
      "content_type_map": 54, 
      "entry_category": "CLINIC", 
      "entry_window_calculation": "VISIT", 
      "time_point": 0, 
      "visit_definition": "fa96b412-9012-11e0-a69d-0023ae759374", 
      "user_created": "", 
      "lower_window": 0, 
      "upper_window_unit": "D", 
      "grouping": null
    }
  }, 
  {
    "pk": "a36f2128-9040-11e0-92bf-0023ae759374", 
    "model": "bhp_form.entry", 
    "fields": {
      "entry_order": 220, 
      "hostname_created": "cabel", 
      "lower_window_unit": "D", 
      "created": "2011-06-06 15:26:51", 
      "required": "Yes", 
      "user_modified": "", 
      "modified": "2011-06-07 12:28:46", 
      "hostname_modified": "dmc3", 
      "upper_window": 0, 
      "content_type_map": 55, 
      "entry_category": "CLINIC", 
      "entry_window_calculation": "VISIT", 
      "time_point": 0, 
      "visit_definition": "fa96b412-9012-11e0-a69d-0023ae759374", 
      "user_created": "", 
      "lower_window": 0, 
      "upper_window_unit": "D", 
      "grouping": null
    }
  }, 
  {
    "pk": "c70db6e4-9040-11e0-92bf-0023ae759374", 
    "model": "bhp_form.entry", 
    "fields": {
      "entry_order": 100, 
      "hostname_created": "cabel", 
      "lower_window_unit": "D", 
      "created": "2011-06-06 15:27:51", 
      "required": "Yes", 
      "user_modified": "", 
      "modified": "2011-06-07 12:29:04", 
      "hostname_modified": "dmc3", 
      "upper_window": 0, 
      "content_type_map": 81, 
      "entry_category": "CLINIC", 
      "entry_window_calculation": "VISIT", 
      "time_point": 0, 
      "visit_definition": "0075f636-9013-11e0-a69d-0023ae759374", 
      "user_created": "", 
      "lower_window": 0, 
      "upper_window_unit": "D", 
      "grouping": null
    }
  }, 
  {
    "pk": "c70e075c-9040-11e0-92bf-0023ae759374", 
    "model": "bhp_form.entry", 
    "fields": {
      "entry_order": 110, 
      "hostname_created": "cabel", 
      "lower_window_unit": "D", 
      "created": "2011-06-06 15:27:51", 
      "required": "Yes", 
      "user_modified": "", 
      "modified": "2011-06-07 12:29:04", 
      "hostname_modified": "dmc3", 
      "upper_window": 0, 
      "content_type_map": 82, 
      "entry_category": "CLINIC", 
      "entry_window_calculation": "VISIT", 
      "time_point": 0, 
      "visit_definition": "0075f636-9013-11e0-a69d-0023ae759374", 
      "user_created": "", 
      "lower_window": 0, 
      "upper_window_unit": "D", 
      "grouping": null
    }
  }, 
  {
    "pk": "c70e49ba-9040-11e0-92bf-0023ae759374", 
    "model": "bhp_form.entry", 
    "fields": {
      "entry_order": 200, 
      "hostname_created": "cabel", 
      "lower_window_unit": "D", 
      "created": "2011-06-06 15:27:51", 
      "required": "Yes", 
      "user_modified": "", 
      "modified": "2011-06-07 12:29:04", 
      "hostname_modified": "dmc3", 
      "upper_window": 0, 
      "content_type_map": 53, 
      "entry_category": "CLINIC", 
      "entry_window_calculation": "VISIT", 
      "time_point": 0, 
      "visit_definition": "0075f636-9013-11e0-a69d-0023ae759374", 
      "user_created": "", 
      "lower_window": 0, 
      "upper_window_unit": "D", 
      "grouping": null
    }
  }, 
  {
    "pk": "c70e892a-9040-11e0-92bf-0023ae759374", 
    "model": "bhp_form.entry", 
    "fields": {
      "entry_order": 210, 
      "hostname_created": "cabel", 
      "lower_window_unit": "D", 
      "created": "2011-06-06 15:27:51", 
      "required": "Yes", 
      "user_modified": "", 
      "modified": "2011-06-07 12:29:04", 
      "hostname_modified": "dmc3", 
      "upper_window": 0, 
      "content_type_map": 54, 
      "entry_category": "CLINIC", 
      "entry_window_calculation": "VISIT", 
      "time_point": 0, 
      "visit_definition": "0075f636-9013-11e0-a69d-0023ae759374", 
      "user_created": "", 
      "lower_window": 0, 
      "upper_window_unit": "D", 
      "grouping": null
    }
  }, 
  {
    "pk": "c70ecb7e-9040-11e0-92bf-0023ae759374", 
    "model": "bhp_form.entry", 
    "fields": {
      "entry_order": 220, 
      "hostname_created": "cabel", 
      "lower_window_unit": "D", 
      "created": "2011-06-06 15:27:51", 
      "required": "Yes", 
      "user_modified": "", 
      "modified": "2011-06-07 12:29:04", 
      "hostname_modified": "dmc3", 
      "upper_window": 0, 
      "content_type_map": 55, 
      "entry_category": "CLINIC", 
      "entry_window_calculation": "VISIT", 
      "time_point": 0, 
      "visit_definition": "0075f636-9013-11e0-a69d-0023ae759374", 
      "user_created": "", 
      "lower_window": 0, 
      "upper_window_unit": "D", 
      "grouping": null
    }
  }, 
  {
    "pk": "0730c144-9041-11e0-92bf-0023ae759374", 
    "model": "bhp_form.entry", 
    "fields": {
      "entry_order": 100, 
      "hostname_created": "cabel", 
      "lower_window_unit": "D", 
      "created": "2011-06-06 15:29:38", 
      "required": "Yes", 
      "user_modified": "", 
      "modified": "2011-06-07 12:29:20", 
      "hostname_modified": "dmc3", 
      "upper_window": 0, 
      "content_type_map": 81, 
      "entry_category": "CLINIC", 
      "entry_window_calculation": "VISIT", 
      "time_point": 0, 
      "visit_definition": "06134080-9013-11e0-a69d-0023ae759374", 
      "user_created": "", 
      "lower_window": 0, 
      "upper_window_unit": "D", 
      "grouping": null
    }
  }, 
  {
    "pk": "0731195a-9041-11e0-92bf-0023ae759374", 
    "model": "bhp_form.entry", 
    "fields": {
      "entry_order": 110, 
      "hostname_created": "cabel", 
      "lower_window_unit": "D", 
      "created": "2011-06-06 15:29:38", 
      "required": "Yes", 
      "user_modified": "", 
      "modified": "2011-06-07 12:29:20", 
      "hostname_modified": "dmc3", 
      "upper_window": 0, 
      "content_type_map": 82, 
      "entry_category": "CLINIC", 
      "entry_window_calculation": "VISIT", 
      "time_point": 0, 
      "visit_definition": "06134080-9013-11e0-a69d-0023ae759374", 
      "user_created": "", 
      "lower_window": 0, 
      "upper_window_unit": "D", 
      "grouping": null
    }
  }, 
  {
    "pk": "073159ba-9041-11e0-92bf-0023ae759374", 
    "model": "bhp_form.entry", 
    "fields": {
      "entry_order": 200, 
      "hostname_created": "cabel", 
      "lower_window_unit": "D", 
      "created": "2011-06-06 15:29:38", 
      "required": "Yes", 
      "user_modified": "", 
      "modified": "2011-06-07 12:29:20", 
      "hostname_modified": "dmc3", 
      "upper_window": 0, 
      "content_type_map": 53, 
      "entry_category": "CLINIC", 
      "entry_window_calculation": "VISIT", 
      "time_point": 0, 
      "visit_definition": "06134080-9013-11e0-a69d-0023ae759374", 
      "user_created": "", 
      "lower_window": 0, 
      "upper_window_unit": "D", 
      "grouping": null
    }
  }, 
  {
    "pk": "073198f8-9041-11e0-92bf-0023ae759374", 
    "model": "bhp_form.entry", 
    "fields": {
      "entry_order": 210, 
      "hostname_created": "cabel", 
      "lower_window_unit": "D", 
      "created": "2011-06-06 15:29:38", 
      "required": "Yes", 
      "user_modified": "", 
      "modified": "2011-06-07 12:29:20", 
      "hostname_modified": "dmc3", 
      "upper_window": 0, 
      "content_type_map": 54, 
      "entry_category": "CLINIC", 
      "entry_window_calculation": "VISIT", 
      "time_point": 0, 
      "visit_definition": "06134080-9013-11e0-a69d-0023ae759374", 
      "user_created": "", 
      "lower_window": 0, 
      "upper_window_unit": "D", 
      "grouping": null
    }
  }, 
  {
    "pk": "0731d75a-9041-11e0-92bf-0023ae759374", 
    "model": "bhp_form.entry", 
    "fields": {
      "entry_order": 220, 
      "hostname_created": "cabel", 
      "lower_window_unit": "D", 
      "created": "2011-06-06 15:29:38", 
      "required": "Yes", 
      "user_modified": "", 
      "modified": "2011-06-07 12:29:20", 
      "hostname_modified": "dmc3", 
      "upper_window": 0, 
      "content_type_map": 55, 
      "entry_category": "CLINIC", 
      "entry_window_calculation": "VISIT", 
      "time_point": 0, 
      "visit_definition": "06134080-9013-11e0-a69d-0023ae759374", 
      "user_created": "", 
      "lower_window": 0, 
      "upper_window_unit": "D", 
      "grouping": null
    }
  }
]
